{"cameraMode":{"drawMode":0,"name":"Shaded","section":"Shading Mode"},"sceneLighting":true,"audioPlay":false,"sceneViewState":{"showFog":true,"showMaterialUpdate":false,"showSkybox":true,"showFlares":true,"showImageEffects":true,"showParticleSystems":true,"showVisualEffectGraphs":true,"m_FxEnabled":true},"in2DMode":false,"pivot":{"x":-18.254419326782228,"y":5.833895683288574,"z":31.986984252929689},"rotation":{"x":0.018902039155364038,"y":-0.06649443507194519,"z":0.0006572827696800232,"w":0.9979821443557739},"size":6.948122978210449,"orthographic":false}